fold,strategy,test_start,test_end,sharpe,n_days
0,regime_momentum,1968-08-16,1969-09-11,1.6202003915446657,252
0,long_short_momentum,1968-08-16,1969-09-11,1.5811594978406052,252
1,regime_momentum,1969-09-12,1970-09-09,2.662845559107692,252
1,long_short_momentum,1969-09-12,1970-09-09,0.07910375973548421,252
2,regime_momentum,1970-09-10,1971-09-08,0.24028854980265657,252
2,long_short_momentum,1970-09-10,1971-09-08,0.9936637217266856,252
3,regime_momentum,1971-09-09,1972-09-05,2.9349230179585626,252
3,long_short_momentum,1971-09-09,1972-09-05,2.9696473689212044,252
4,regime_momentum,1972-09-06,1973-09-07,2.423461352003961,252
4,long_short_momentum,1972-09-06,1973-09-07,3.0071616818653575,252
5,regime_momentum,1973-09-10,1974-09-06,0.22040254102629597,252
5,long_short_momentum,1973-09-10,1974-09-06,1.7416315591713123,252
6,regime_momentum,1974-09-09,1975-09-05,-0.03095936395176795,252
6,long_short_momentum,1974-09-09,1975-09-05,-1.5748122059421303,252
7,regime_momentum,1975-09-08,1976-09-02,-0.29162295886039963,252
7,long_short_momentum,1975-09-08,1976-09-02,-0.24371815306105443,252
8,regime_momentum,1976-09-03,1977-09-02,3.60323656648506,252
8,long_short_momentum,1976-09-03,1977-09-02,3.60323656648506,252
9,regime_momentum,1977-09-06,1978-09-01,4.380062048225775,252
9,long_short_momentum,1977-09-06,1978-09-01,4.380062048225775,252
10,regime_momentum,1978-09-05,1979-08-31,-2.8225228682921126,252
10,long_short_momentum,1978-09-05,1979-08-31,-1.3135686955109598,252
11,regime_momentum,1979-09-04,1980-08-29,3.6524472034039177,252
11,long_short_momentum,1979-09-04,1980-08-29,2.2225304335719387,252
12,regime_momentum,1980-09-02,1981-08-31,-1.7294306730665743,252
12,long_short_momentum,1980-09-02,1981-08-31,0.7220505110353278,252
13,regime_momentum,1981-09-01,1982-08-30,1.8660052333549912,252
13,long_short_momentum,1981-09-01,1982-08-30,2.8143099993888843,252
14,regime_momentum,1982-08-31,1983-08-26,-0.40604275501954945,252
14,long_short_momentum,1982-08-31,1983-08-26,-0.06452663467492814,252
15,regime_momentum,1983-08-29,1984-08-24,-0.5209485927388968,252
15,long_short_momentum,1983-08-29,1984-08-24,-0.12347289716417462,252
16,regime_momentum,1984-08-27,1985-08-23,2.191994805330623,252
16,long_short_momentum,1984-08-27,1985-08-23,2.816797271134196,252
17,regime_momentum,1985-08-26,1986-08-25,3.9829108849291464,252
17,long_short_momentum,1985-08-26,1986-08-25,3.3191959463007503,252
18,regime_momentum,1986-08-26,1987-08-24,-0.1533302784979045,252
18,long_short_momentum,1986-08-26,1987-08-24,-0.4074687577209355,252
19,regime_momentum,1987-08-25,1988-08-22,1.3965744284186934,252
19,long_short_momentum,1987-08-25,1988-08-22,-0.9052210483734867,252
20,regime_momentum,1988-08-23,1989-08-21,3.7452238303089986,252
20,long_short_momentum,1988-08-23,1989-08-21,3.7452238303089986,252
21,regime_momentum,1989-08-22,1990-08-20,4.504534523315818,252
21,long_short_momentum,1989-08-22,1990-08-20,4.8355936226869805,252
22,regime_momentum,1990-08-21,1991-08-19,-0.5456304561386592,252
22,long_short_momentum,1990-08-21,1991-08-19,0.776508830127244,252
23,regime_momentum,1991-08-20,1992-08-17,0.010373572868187571,252
23,long_short_momentum,1991-08-20,1992-08-17,1.1465883065760603,252
24,regime_momentum,1992-08-18,1993-08-16,5.05800747617729,252
24,long_short_momentum,1992-08-18,1993-08-16,5.05800747617729,252
25,regime_momentum,1993-08-17,1994-08-15,-1.0301893094367913,252
25,long_short_momentum,1993-08-17,1994-08-15,-1.2742096390516442,252
26,regime_momentum,1994-08-16,1995-08-14,2.2320124096677967,252
26,long_short_momentum,1994-08-16,1995-08-14,2.2320124096677967,252
27,regime_momentum,1995-08-15,1996-08-12,1.6166811342714709,252
27,long_short_momentum,1995-08-15,1996-08-12,1.3728305872061015,252
28,regime_momentum,1996-08-13,1997-08-11,1.004843719842886,252
28,long_short_momentum,1996-08-13,1997-08-11,1.255077652152686,252
29,regime_momentum,1997-08-12,1998-08-11,2.5986521500371333,252
29,long_short_momentum,1997-08-12,1998-08-11,3.4028891549627724,252
30,regime_momentum,1998-08-12,1999-08-11,,252
30,long_short_momentum,1998-08-12,1999-08-11,0.1728422021462914,252
31,regime_momentum,1999-08-12,2000-08-09,1.8319907674566336,252
31,long_short_momentum,1999-08-12,2000-08-09,1.857679009900949,252
32,regime_momentum,2000-08-10,2001-08-09,0.6322464071291409,252
32,long_short_momentum,2000-08-10,2001-08-09,0.6108808470983522,252
33,regime_momentum,2001-08-10,2002-08-15,,252
33,long_short_momentum,2001-08-10,2002-08-15,2.1230059919282516,252
34,regime_momentum,2002-08-16,2003-08-15,,252
34,long_short_momentum,2002-08-16,2003-08-15,-1.5963247525651219,252
35,regime_momentum,2003-08-18,2004-08-17,-0.7766946533766416,252
35,long_short_momentum,2003-08-18,2004-08-17,-0.4100092521889397,252
36,regime_momentum,2004-08-18,2005-08-16,1.9183109310098023,252
36,long_short_momentum,2004-08-18,2005-08-16,1.8932897029171731,252
37,regime_momentum,2005-08-17,2006-08-16,0.381137565484802,252
37,long_short_momentum,2005-08-17,2006-08-16,0.3200796360223742,252
38,regime_momentum,2006-08-17,2007-08-17,0.4066860094461755,252
38,long_short_momentum,2006-08-17,2007-08-17,-0.3619518069932667,252
39,regime_momentum,2007-08-20,2008-08-18,2.217008731000175,252
39,long_short_momentum,2007-08-20,2008-08-18,1.3974327018343684,252
40,regime_momentum,2008-08-19,2009-08-18,,252
40,long_short_momentum,2008-08-19,2009-08-18,-1.3749008278361894,252
41,regime_momentum,2009-08-19,2010-08-18,-0.6252134053717786,252
41,long_short_momentum,2009-08-19,2010-08-18,-0.03367008275647039,252
42,regime_momentum,2010-08-19,2011-08-17,1.0041603381215356,252
42,long_short_momentum,2010-08-19,2011-08-17,1.226499316778919,252
43,regime_momentum,2011-08-18,2012-08-16,0.91886358037543,252
43,long_short_momentum,2011-08-18,2012-08-16,0.49931668276828883,252
44,regime_momentum,2012-08-17,2013-08-20,-0.18791417198793783,252
44,long_short_momentum,2012-08-17,2013-08-20,0.11600286496348625,252
45,regime_momentum,2013-08-21,2014-08-20,0.11450368387922856,252
45,long_short_momentum,2013-08-21,2014-08-20,0.11450368387922856,252
46,regime_momentum,2014-08-21,2015-08-20,1.9757578013947512,252
46,long_short_momentum,2014-08-21,2015-08-20,1.896959762780503,252
47,regime_momentum,2015-08-21,2016-08-19,-0.34361807842970266,252
47,long_short_momentum,2015-08-21,2016-08-19,-0.7842044154583436,252
48,regime_momentum,2016-08-22,2017-08-21,0.23268434697985965,252
48,long_short_momentum,2016-08-22,2017-08-21,0.23268434697985965,252
49,regime_momentum,2017-08-22,2018-08-21,1.0014292386374934,252
49,long_short_momentum,2017-08-22,2018-08-21,1.2434799140203927,252
50,regime_momentum,2018-08-22,2019-08-22,1.663662920238595,252
50,long_short_momentum,2018-08-22,2019-08-22,1.0038223938566608,252
51,regime_momentum,2019-08-23,2020-08-21,0.5014749305343024,252
51,long_short_momentum,2019-08-23,2020-08-21,-0.09789973973529056,252
52,regime_momentum,2020-08-24,2021-08-23,0.1763143634664939,252
52,long_short_momentum,2020-08-24,2021-08-23,-1.0041798831800983,252
53,regime_momentum,2021-08-24,2022-08-23,0.9076385788772012,252
53,long_short_momentum,2021-08-24,2022-08-23,0.7511378324329355,252
54,regime_momentum,2022-08-24,2023-08-24,-0.37540444051756566,252
54,long_short_momentum,2022-08-24,2023-08-24,-0.2283155183664897,252
55,regime_momentum,2023-08-25,2024-08-26,1.0942858689587367,252
55,long_short_momentum,2023-08-25,2024-08-26,1.0942858689587367,252
56,regime_momentum,2024-08-27,2025-08-28,0.20876080372840036,252
56,long_short_momentum,2024-08-27,2025-08-28,0.5992563108141281,252
57,regime_momentum,2025-08-29,2026-04-30,1.0103272301511979,168
57,long_short_momentum,2025-08-29,2026-04-30,1.911574957619633,168
